<?xml version="1.0" encoding="UTF-8"?>
<addon id="plugin.video.josekodifutbol" 
version="1.0.0" 
name="Jose Futbol" 
provider-name="JoseOD">
<requires>
  <import addon="xbmc.python" version="3.0.0"/>
  <import addon="script.module.six" />
  <import addon="script.module.kodi-six" />
  <import addon="script.module.requests" optional="true"/>
  <import addon="script.module.websocket" version="0.50.0"  optional="true"/>
  <import addon="script.module.youtube.dl" optional="true"/>
  <import addon="plugin.video.youtube" optional="true" />
  <import addon="script.module.dateutil" optional="true" />
  <import addon="script.module.resolveurl" optional="true"/>
  <import addon="script.module.urlresolver" optional="true"/>
  <import addon="script.module.cloudscraper" optional="true"/>
  <import addon="script.module.inputstreamhelper" optional="true"/>
  <import addon="script.module.slproxy" optional="true"/>
</requires>
<extension point="xbmc.python.pluginsource" library="main.py">
  <provides>video</provides>
</extension>
<extension point="xbmc.addon.metadata">
  <summary lang="en">Jose Futbol</summary>
  <description lang="en_GB">Jose Futbol</description>
  <disclaimer lang="en_GB">Jose Futbol</disclaimer>
  <assets>
    <icon>icon.png</icon>
    <fanart>fanart.jpg</fanart>   
  </assets>
  <news>Jose Futbol</news>
</extension>
</addon>
